sample	unit	platform	fq1	fq2
B1B7E2_A_1C	1	-	PATH/TO/DATA/data/sflava_ayroles/deliv_Ayroles_EXT_120524_raw/B1B7E2_A_1C_R1.fastq.gz	PATH/TO/DATA/data/sflava_ayroles/deliv_Ayroles_EXT_120524_raw/B1B7E2_A_1C_R2.fastq.gz
B2B8E1_1_A_6F	1	-	PATH/TO/DATA/data/sflava_ayroles/deliv_Ayroles_EXT_120524_raw/B2B8E1_1_A_6F_R1.fastq.gz	PATH/TO/DATA/data/sflava_ayroles/deliv_Ayroles_EXT_120524_raw/B2B8E1_1_A_6F_R2.fastq.gz
B2B8E1_2_A_6G	1	-	PATH/TO/DATA/data/sflava_ayroles/deliv_Ayroles_EXT_120524_raw/B2B8E1_2_A_6G_R1.fastq.gz	PATH/TO/DATA/data/sflava_ayroles/deliv_Ayroles_EXT_120524_raw/B2B8E1_2_A_6G_R2.fastq.gz
B2B8E1_3_B_9E	1	-	PATH/TO/DATA/data/sflava_ayroles/deliv_Ayroles_EXT_120524_raw/B2B8E1_3_B_9E_R1.fastq.gz	PATH/TO/DATA/data/sflava_ayroles/deliv_Ayroles_EXT_120524_raw/B2B8E1_3_B_9E_R2.fastq.gz
B2B8E1_4_B_9F	1	-	PATH/TO/DATA/data/sflava_ayroles/deliv_Ayroles_EXT_120524_raw/B2B8E1_4_B_9F_R1.fastq.gz	PATH/TO/DATA/data/sflava_ayroles/deliv_Ayroles_EXT_120524_raw/B2B8E1_4_B_9F_R2.fastq.gz
B2B8E2_1_A_1H	1	-	PATH/TO/DATA/data/sflava_ayroles/deliv_Ayroles_EXT_120524_raw/B2B8E2_1_A_1H_R1.fastq.gz	PATH/TO/DATA/data/sflava_ayroles/deliv_Ayroles_EXT_120524_raw/B2B8E2_1_A_1H_R2.fastq.gz
B2B8E2_2_A_2A	1	-	PATH/TO/DATA/data/sflava_ayroles/deliv_Ayroles_EXT_120524_raw/B2B8E2_2_A_2A_R1.fastq.gz	PATH/TO/DATA/data/sflava_ayroles/deliv_Ayroles_EXT_120524_raw/B2B8E2_2_A_2A_R2.fastq.gz
B2B8E2_3_A_4H	1	-	PATH/TO/DATA/data/sflava_ayroles/deliv_Ayroles_EXT_120524_raw/B2B8E2_3_A_4H_R1.fastq.gz	PATH/TO/DATA/data/sflava_ayroles/deliv_Ayroles_EXT_120524_raw/B2B8E2_3_A_4H_R2.fastq.gz
B2B8E2_4_A_5A	1	-	PATH/TO/DATA/data/sflava_ayroles/deliv_Ayroles_EXT_120524_raw/B2B8E2_4_A_5A_R1.fastq.gz	PATH/TO/DATA/data/sflava_ayroles/deliv_Ayroles_EXT_120524_raw/B2B8E2_4_A_5A_R2.fastq.gz
B2B8E3_A_3G	1	-	PATH/TO/DATA/data/sflava_ayroles/deliv_Ayroles_EXT_120524_raw/B2B8E3_A_3G_R1.fastq.gz	PATH/TO/DATA/data/sflava_ayroles/deliv_Ayroles_EXT_120524_raw/B2B8E3_A_3G_R2.fastq.gz
B3B4E1_1_A_7B	1	-	PATH/TO/DATA/data/sflava_ayroles/deliv_Ayroles_EXT_120524_raw/B3B4E1_1_A_7B_R1.fastq.gz	PATH/TO/DATA/data/sflava_ayroles/deliv_Ayroles_EXT_120524_raw/B3B4E1_1_A_7B_R2.fastq.gz
B3B4E1_2_A_7C	1	-	PATH/TO/DATA/data/sflava_ayroles/deliv_Ayroles_EXT_120524_raw/B3B4E1_2_A_7C_R1.fastq.gz	PATH/TO/DATA/data/sflava_ayroles/deliv_Ayroles_EXT_120524_raw/B3B4E1_2_A_7C_R2.fastq.gz
B3B4E2_1_A_2E	1	-	PATH/TO/DATA/data/sflava_ayroles/deliv_Ayroles_EXT_120524_raw/B3B4E2_1_A_2E_R1.fastq.gz	PATH/TO/DATA/data/sflava_ayroles/deliv_Ayroles_EXT_120524_raw/B3B4E2_1_A_2E_R2.fastq.gz
B3B4E2_2_A_5D	1	-	PATH/TO/DATA/data/sflava_ayroles/deliv_Ayroles_EXT_120524_raw/B3B4E2_2_A_5D_R1.fastq.gz	PATH/TO/DATA/data/sflava_ayroles/deliv_Ayroles_EXT_120524_raw/B3B4E2_2_A_5D_R2.fastq.gz
B3B4E2_3_A_5E	1	-	PATH/TO/DATA/data/sflava_ayroles/deliv_Ayroles_EXT_120524_raw/B3B4E2_3_A_5E_R1.fastq.gz	PATH/TO/DATA/data/sflava_ayroles/deliv_Ayroles_EXT_120524_raw/B3B4E2_3_A_5E_R2.fastq.gz
B3B4E2_4_B_11C	1	-	PATH/TO/DATA/data/sflava_ayroles/deliv_Ayroles_EXT_120524_raw/B3B4E2_4_B_11C_R1.fastq.gz	PATH/TO/DATA/data/sflava_ayroles/deliv_Ayroles_EXT_120524_raw/B3B4E2_4_B_11C_R2.fastq.gz
B3B4E2_5_B_11D	1	-	PATH/TO/DATA/data/sflava_ayroles/deliv_Ayroles_EXT_120524_raw/B3B4E2_5_B_11D_R1.fastq.gz	PATH/TO/DATA/data/sflava_ayroles/deliv_Ayroles_EXT_120524_raw/B3B4E2_5_B_11D_R2.fastq.gz
B3B4E3_1_A_4B	1	-	PATH/TO/DATA/data/sflava_ayroles/deliv_Ayroles_EXT_120524_raw/B3B4E3_1_A_4B_R1.fastq.gz	PATH/TO/DATA/data/sflava_ayroles/deliv_Ayroles_EXT_120524_raw/B3B4E3_1_A_4B_R2.fastq.gz
B3B4E3_2_A_4C	1	-	PATH/TO/DATA/data/sflava_ayroles/deliv_Ayroles_EXT_120524_raw/B3B4E3_2_A_4C_R1.fastq.gz	PATH/TO/DATA/data/sflava_ayroles/deliv_Ayroles_EXT_120524_raw/B3B4E3_2_A_4C_R2.fastq.gz
B4B4E2_A_2D	1	-	PATH/TO/DATA/data/sflava_ayroles/deliv_Ayroles_EXT_120524_raw/B4B4E2_A_2D_R1.fastq.gz	PATH/TO/DATA/data/sflava_ayroles/deliv_Ayroles_EXT_120524_raw/B4B4E2_A_2D_R2.fastq.gz
B5B6E1_1_A_7F	1	-	PATH/TO/DATA/data/sflava_ayroles/deliv_Ayroles_EXT_120524_raw/B5B6E1_1_A_7F_R1.fastq.gz	PATH/TO/DATA/data/sflava_ayroles/deliv_Ayroles_EXT_120524_raw/B5B6E1_1_A_7F_R2.fastq.gz
B5B6E1_2_A_7G	1	-	PATH/TO/DATA/data/sflava_ayroles/deliv_Ayroles_EXT_120524_raw/B5B6E1_2_A_7G_R1.fastq.gz	PATH/TO/DATA/data/sflava_ayroles/deliv_Ayroles_EXT_120524_raw/B5B6E1_2_A_7G_R2.fastq.gz
B5B6E1_3_B_11E	1	-	PATH/TO/DATA/data/sflava_ayroles/deliv_Ayroles_EXT_120524_raw/B5B6E1_3_B_11E_R1.fastq.gz	PATH/TO/DATA/data/sflava_ayroles/deliv_Ayroles_EXT_120524_raw/B5B6E1_3_B_11E_R2.fastq.gz
B5B6E1_4_B_11F	1	-	PATH/TO/DATA/data/sflava_ayroles/deliv_Ayroles_EXT_120524_raw/B5B6E1_4_B_11F_R1.fastq.gz	PATH/TO/DATA/data/sflava_ayroles/deliv_Ayroles_EXT_120524_raw/B5B6E1_4_B_11F_R2.fastq.gz
B5B6E1_5_B_11G	1	-	PATH/TO/DATA/data/sflava_ayroles/deliv_Ayroles_EXT_120524_raw/B5B6E1_5_B_11G_R1.fastq.gz	PATH/TO/DATA/data/sflava_ayroles/deliv_Ayroles_EXT_120524_raw/B5B6E1_5_B_11G_R2.fastq.gz
B5B6E1_6_B_11H	1	-	PATH/TO/DATA/data/sflava_ayroles/deliv_Ayroles_EXT_120524_raw/B5B6E1_6_B_11H_R1.fastq.gz	PATH/TO/DATA/data/sflava_ayroles/deliv_Ayroles_EXT_120524_raw/B5B6E1_6_B_11H_R2.fastq.gz
B5B6E2_1_A_3B	1	-	PATH/TO/DATA/data/sflava_ayroles/deliv_Ayroles_EXT_120524_raw/B5B6E2_1_A_3B_R1.fastq.gz	PATH/TO/DATA/data/sflava_ayroles/deliv_Ayroles_EXT_120524_raw/B5B6E2_1_A_3B_R2.fastq.gz
B5B6E2_2_A_3C	1	-	PATH/TO/DATA/data/sflava_ayroles/deliv_Ayroles_EXT_120524_raw/B5B6E2_2_A_3C_R1.fastq.gz	PATH/TO/DATA/data/sflava_ayroles/deliv_Ayroles_EXT_120524_raw/B5B6E2_2_A_3C_R2.fastq.gz
B5B6E2_3_A_5H	1	-	PATH/TO/DATA/data/sflava_ayroles/deliv_Ayroles_EXT_120524_raw/B5B6E2_3_A_5H_R1.fastq.gz	PATH/TO/DATA/data/sflava_ayroles/deliv_Ayroles_EXT_120524_raw/B5B6E2_3_A_5H_R2.fastq.gz
B5B6E2_4_A_6A	1	-	PATH/TO/DATA/data/sflava_ayroles/deliv_Ayroles_EXT_120524_raw/B5B6E2_4_A_6A_R1.fastq.gz	PATH/TO/DATA/data/sflava_ayroles/deliv_Ayroles_EXT_120524_raw/B5B6E2_4_A_6A_R2.fastq.gz
B5B6E3_1_A_2F	1	-	PATH/TO/DATA/data/sflava_ayroles/deliv_Ayroles_EXT_120524_raw/B5B6E3_1_A_2F_R1.fastq.gz	PATH/TO/DATA/data/sflava_ayroles/deliv_Ayroles_EXT_120524_raw/B5B6E3_1_A_2F_R2.fastq.gz
B5B6E3_2_A_2G	1	-	PATH/TO/DATA/data/sflava_ayroles/deliv_Ayroles_EXT_120524_raw/B5B6E3_2_A_2G_R1.fastq.gz	PATH/TO/DATA/data/sflava_ayroles/deliv_Ayroles_EXT_120524_raw/B5B6E3_2_A_2G_R2.fastq.gz
E1all_10_A_9B	1	-	PATH/TO/DATA/data/sflava_ayroles/deliv_Ayroles_EXT_120524_raw/E1all_10_A_9B_R1.fastq.gz	PATH/TO/DATA/data/sflava_ayroles/deliv_Ayroles_EXT_120524_raw/E1all_10_A_9B_R2.fastq.gz
E1all_11_A_9C	1	-	PATH/TO/DATA/data/sflava_ayroles/deliv_Ayroles_EXT_120524_raw/E1all_11_A_9C_R1.fastq.gz	PATH/TO/DATA/data/sflava_ayroles/deliv_Ayroles_EXT_120524_raw/E1all_11_A_9C_R2.fastq.gz
E1all_12_A_9D	1	-	PATH/TO/DATA/data/sflava_ayroles/deliv_Ayroles_EXT_120524_raw/E1all_12_A_9D_R1.fastq.gz	PATH/TO/DATA/data/sflava_ayroles/deliv_Ayroles_EXT_120524_raw/E1all_12_A_9D_R2.fastq.gz
E1all_13_A_9E	1	-	PATH/TO/DATA/data/sflava_ayroles/deliv_Ayroles_EXT_120524_raw/E1all_13_A_9E_R1.fastq.gz	PATH/TO/DATA/data/sflava_ayroles/deliv_Ayroles_EXT_120524_raw/E1all_13_A_9E_R2.fastq.gz
E1all_1_A_8A	1	-	PATH/TO/DATA/data/sflava_ayroles/deliv_Ayroles_EXT_120524_raw/E1all_1_A_8A_R1.fastq.gz	PATH/TO/DATA/data/sflava_ayroles/deliv_Ayroles_EXT_120524_raw/E1all_1_A_8A_R2.fastq.gz
E1all_2_A_8B	1	-	PATH/TO/DATA/data/sflava_ayroles/deliv_Ayroles_EXT_120524_raw/E1all_2_A_8B_R1.fastq.gz	PATH/TO/DATA/data/sflava_ayroles/deliv_Ayroles_EXT_120524_raw/E1all_2_A_8B_R2.fastq.gz
E1all_3_A_8C	1	-	PATH/TO/DATA/data/sflava_ayroles/deliv_Ayroles_EXT_120524_raw/E1all_3_A_8C_R1.fastq.gz	PATH/TO/DATA/data/sflava_ayroles/deliv_Ayroles_EXT_120524_raw/E1all_3_A_8C_R2.fastq.gz
E1all_4_A_8D	1	-	PATH/TO/DATA/data/sflava_ayroles/deliv_Ayroles_EXT_120524_raw/E1all_4_A_8D_R1.fastq.gz	PATH/TO/DATA/data/sflava_ayroles/deliv_Ayroles_EXT_120524_raw/E1all_4_A_8D_R2.fastq.gz
E1all_5_A_8E	1	-	PATH/TO/DATA/data/sflava_ayroles/deliv_Ayroles_EXT_120524_raw/E1all_5_A_8E_R1.fastq.gz	PATH/TO/DATA/data/sflava_ayroles/deliv_Ayroles_EXT_120524_raw/E1all_5_A_8E_R2.fastq.gz
E1all_6_A_8F	1	-	PATH/TO/DATA/data/sflava_ayroles/deliv_Ayroles_EXT_120524_raw/E1all_6_A_8F_R1.fastq.gz	PATH/TO/DATA/data/sflava_ayroles/deliv_Ayroles_EXT_120524_raw/E1all_6_A_8F_R2.fastq.gz
E1all_7_A_8G	1	-	PATH/TO/DATA/data/sflava_ayroles/deliv_Ayroles_EXT_120524_raw/E1all_7_A_8G_R1.fastq.gz	PATH/TO/DATA/data/sflava_ayroles/deliv_Ayroles_EXT_120524_raw/E1all_7_A_8G_R2.fastq.gz
E1all_8_A_8H	1	-	PATH/TO/DATA/data/sflava_ayroles/deliv_Ayroles_EXT_120524_raw/E1all_8_A_8H_R1.fastq.gz	PATH/TO/DATA/data/sflava_ayroles/deliv_Ayroles_EXT_120524_raw/E1all_8_A_8H_R2.fastq.gz
E1all_9_A_9A	1	-	PATH/TO/DATA/data/sflava_ayroles/deliv_Ayroles_EXT_120524_raw/E1all_9_A_9A_R1.fastq.gz	PATH/TO/DATA/data/sflava_ayroles/deliv_Ayroles_EXT_120524_raw/E1all_9_A_9A_R2.fastq.gz
FANH_10_A_10G	1	-	PATH/TO/DATA/data/sflava_ayroles/deliv_Ayroles_EXT_120524_raw/FANH_10_A_10G_R1.fastq.gz	PATH/TO/DATA/data/sflava_ayroles/deliv_Ayroles_EXT_120524_raw/FANH_10_A_10G_R2.fastq.gz
FANH_11_A_10H	1	-	PATH/TO/DATA/data/sflava_ayroles/deliv_Ayroles_EXT_120524_raw/FANH_11_A_10H_R1.fastq.gz	PATH/TO/DATA/data/sflava_ayroles/deliv_Ayroles_EXT_120524_raw/FANH_11_A_10H_R2.fastq.gz
FANH_12_A_11A	1	-	PATH/TO/DATA/data/sflava_ayroles/deliv_Ayroles_EXT_120524_raw/FANH_12_A_11A_R1.fastq.gz	PATH/TO/DATA/data/sflava_ayroles/deliv_Ayroles_EXT_120524_raw/FANH_12_A_11A_R2.fastq.gz
FANH_13_A_11B	1	-	PATH/TO/DATA/data/sflava_ayroles/deliv_Ayroles_EXT_120524_raw/FANH_13_A_11B_R1.fastq.gz	PATH/TO/DATA/data/sflava_ayroles/deliv_Ayroles_EXT_120524_raw/FANH_13_A_11B_R2.fastq.gz
FANH_14_A_11C	1	-	PATH/TO/DATA/data/sflava_ayroles/deliv_Ayroles_EXT_120524_raw/FANH_14_A_11C_R1.fastq.gz	PATH/TO/DATA/data/sflava_ayroles/deliv_Ayroles_EXT_120524_raw/FANH_14_A_11C_R2.fastq.gz
FANH_15_A_11D	1	-	PATH/TO/DATA/data/sflava_ayroles/deliv_Ayroles_EXT_120524_raw/FANH_15_A_11D_R1.fastq.gz	PATH/TO/DATA/data/sflava_ayroles/deliv_Ayroles_EXT_120524_raw/FANH_15_A_11D_R2.fastq.gz
FANH_16_A_11E	1	-	PATH/TO/DATA/data/sflava_ayroles/deliv_Ayroles_EXT_120524_raw/FANH_16_A_11E_R1.fastq.gz	PATH/TO/DATA/data/sflava_ayroles/deliv_Ayroles_EXT_120524_raw/FANH_16_A_11E_R2.fastq.gz
FANH_17_A_11F	1	-	PATH/TO/DATA/data/sflava_ayroles/deliv_Ayroles_EXT_120524_raw/FANH_17_A_11F_R1.fastq.gz	PATH/TO/DATA/data/sflava_ayroles/deliv_Ayroles_EXT_120524_raw/FANH_17_A_11F_R2.fastq.gz
FANH_18_A_11G	1	-	PATH/TO/DATA/data/sflava_ayroles/deliv_Ayroles_EXT_120524_raw/FANH_18_A_11G_R1.fastq.gz	PATH/TO/DATA/data/sflava_ayroles/deliv_Ayroles_EXT_120524_raw/FANH_18_A_11G_R2.fastq.gz
FANH_1_A_9F	1	-	PATH/TO/DATA/data/sflava_ayroles/deliv_Ayroles_EXT_120524_raw/FANH_1_A_9F_R1.fastq.gz	PATH/TO/DATA/data/sflava_ayroles/deliv_Ayroles_EXT_120524_raw/FANH_1_A_9F_R2.fastq.gz
FANH_2_A_9G	1	-	PATH/TO/DATA/data/sflava_ayroles/deliv_Ayroles_EXT_120524_raw/FANH_2_A_9G_R1.fastq.gz	PATH/TO/DATA/data/sflava_ayroles/deliv_Ayroles_EXT_120524_raw/FANH_2_A_9G_R2.fastq.gz
FANH_3_A_9H	1	-	PATH/TO/DATA/data/sflava_ayroles/deliv_Ayroles_EXT_120524_raw/FANH_3_A_9H_R1.fastq.gz	PATH/TO/DATA/data/sflava_ayroles/deliv_Ayroles_EXT_120524_raw/FANH_3_A_9H_R2.fastq.gz
FANH_4_A_10A	1	-	PATH/TO/DATA/data/sflava_ayroles/deliv_Ayroles_EXT_120524_raw/FANH_4_A_10A_R1.fastq.gz	PATH/TO/DATA/data/sflava_ayroles/deliv_Ayroles_EXT_120524_raw/FANH_4_A_10A_R2.fastq.gz
FANH_5_A_10B	1	-	PATH/TO/DATA/data/sflava_ayroles/deliv_Ayroles_EXT_120524_raw/FANH_5_A_10B_R1.fastq.gz	PATH/TO/DATA/data/sflava_ayroles/deliv_Ayroles_EXT_120524_raw/FANH_5_A_10B_R2.fastq.gz
FANH_6_A_10C	1	-	PATH/TO/DATA/data/sflava_ayroles/deliv_Ayroles_EXT_120524_raw/FANH_6_A_10C_R1.fastq.gz	PATH/TO/DATA/data/sflava_ayroles/deliv_Ayroles_EXT_120524_raw/FANH_6_A_10C_R2.fastq.gz
FANH_7_A_10D	1	-	PATH/TO/DATA/data/sflava_ayroles/deliv_Ayroles_EXT_120524_raw/FANH_7_A_10D_R1.fastq.gz	PATH/TO/DATA/data/sflava_ayroles/deliv_Ayroles_EXT_120524_raw/FANH_7_A_10D_R2.fastq.gz
FANH_8_A_10E	1	-	PATH/TO/DATA/data/sflava_ayroles/deliv_Ayroles_EXT_120524_raw/FANH_8_A_10E_R1.fastq.gz	PATH/TO/DATA/data/sflava_ayroles/deliv_Ayroles_EXT_120524_raw/FANH_8_A_10E_R2.fastq.gz
FANH_9_A_10F	1	-	PATH/TO/DATA/data/sflava_ayroles/deliv_Ayroles_EXT_120524_raw/FANH_9_A_10F_R1.fastq.gz	PATH/TO/DATA/data/sflava_ayroles/deliv_Ayroles_EXT_120524_raw/FANH_9_A_10F_R2.fastq.gz
FPmixE2_1_B_10A	1	-	PATH/TO/DATA/data/sflava_ayroles/deliv_Ayroles_EXT_120524_raw/FPmixE2_1_B_10A_R1.fastq.gz	PATH/TO/DATA/data/sflava_ayroles/deliv_Ayroles_EXT_120524_raw/FPmixE2_1_B_10A_R2.fastq.gz
FPmixE2_2_B_10B	1	-	PATH/TO/DATA/data/sflava_ayroles/deliv_Ayroles_EXT_120524_raw/FPmixE2_2_B_10B_R1.fastq.gz	PATH/TO/DATA/data/sflava_ayroles/deliv_Ayroles_EXT_120524_raw/FPmixE2_2_B_10B_R2.fastq.gz
FPmixE2_3_B_10C	1	-	PATH/TO/DATA/data/sflava_ayroles/deliv_Ayroles_EXT_120524_raw/FPmixE2_3_B_10C_R1.fastq.gz	PATH/TO/DATA/data/sflava_ayroles/deliv_Ayroles_EXT_120524_raw/FPmixE2_3_B_10C_R2.fastq.gz
FPmixE2_3_B_10D	1	-	PATH/TO/DATA/data/sflava_ayroles/deliv_Ayroles_EXT_120524_raw/FPmixE2_3_B_10D_R1.fastq.gz	PATH/TO/DATA/data/sflava_ayroles/deliv_Ayroles_EXT_120524_raw/FPmixE2_3_B_10D_R2.fastq.gz
FPmixE2_4_B_10E	1	-	PATH/TO/DATA/data/sflava_ayroles/deliv_Ayroles_EXT_120524_raw/FPmixE2_4_B_10E_R1.fastq.gz	PATH/TO/DATA/data/sflava_ayroles/deliv_Ayroles_EXT_120524_raw/FPmixE2_4_B_10E_R2.fastq.gz
FPmixE2_5_B_10F	1	-	PATH/TO/DATA/data/sflava_ayroles/deliv_Ayroles_EXT_120524_raw/FPmixE2_5_B_10F_R1.fastq.gz	PATH/TO/DATA/data/sflava_ayroles/deliv_Ayroles_EXT_120524_raw/FPmixE2_5_B_10F_R2.fastq.gz
FPmixE2_6_B_10G	1	-	PATH/TO/DATA/data/sflava_ayroles/deliv_Ayroles_EXT_120524_raw/FPmixE2_6_B_10G_R1.fastq.gz	PATH/TO/DATA/data/sflava_ayroles/deliv_Ayroles_EXT_120524_raw/FPmixE2_6_B_10G_R2.fastq.gz
FPmix_1_A_2B	1	-	PATH/TO/DATA/data/sflava_ayroles/deliv_Ayroles_EXT_120524_raw/FPmix_1_A_2B_R1.fastq.gz	PATH/TO/DATA/data/sflava_ayroles/deliv_Ayroles_EXT_120524_raw/FPmix_1_A_2B_R2.fastq.gz
FPmix_2_A_2C	1	-	PATH/TO/DATA/data/sflava_ayroles/deliv_Ayroles_EXT_120524_raw/FPmix_2_A_2C_R1.fastq.gz	PATH/TO/DATA/data/sflava_ayroles/deliv_Ayroles_EXT_120524_raw/FPmix_2_A_2C_R2.fastq.gz
M9E1_1_A_1D	1	-	PATH/TO/DATA/data/sflava_ayroles/deliv_Ayroles_EXT_120524_raw/M9E1_1_A_1D_R1.fastq.gz	PATH/TO/DATA/data/sflava_ayroles/deliv_Ayroles_EXT_120524_raw/M9E1_1_A_1D_R2.fastq.gz
M9E1_2_A_1E	1	-	PATH/TO/DATA/data/sflava_ayroles/deliv_Ayroles_EXT_120524_raw/M9E1_2_A_1E_R1.fastq.gz	PATH/TO/DATA/data/sflava_ayroles/deliv_Ayroles_EXT_120524_raw/M9E1_2_A_1E_R2.fastq.gz
M9E1_3_A_7H	1	-	PATH/TO/DATA/data/sflava_ayroles/deliv_Ayroles_EXT_120524_raw/M9E1_3_A_7H_R1.fastq.gz	PATH/TO/DATA/data/sflava_ayroles/deliv_Ayroles_EXT_120524_raw/M9E1_3_A_7H_R2.fastq.gz
M9E2_1_A_6B	1	-	PATH/TO/DATA/data/sflava_ayroles/deliv_Ayroles_EXT_120524_raw/M9E2_1_A_6B_R1.fastq.gz	PATH/TO/DATA/data/sflava_ayroles/deliv_Ayroles_EXT_120524_raw/M9E2_1_A_6B_R2.fastq.gz
M9E2_2_A_6C	1	-	PATH/TO/DATA/data/sflava_ayroles/deliv_Ayroles_EXT_120524_raw/M9E2_2_A_6C_R1.fastq.gz	PATH/TO/DATA/data/sflava_ayroles/deliv_Ayroles_EXT_120524_raw/M9E2_2_A_6C_R2.fastq.gz
MXE2_A_3F	1	-	PATH/TO/DATA/data/sflava_ayroles/deliv_Ayroles_EXT_120524_raw/MXE2_A_3F_R1.fastq.gz	PATH/TO/DATA/data/sflava_ayroles/deliv_Ayroles_EXT_120524_raw/MXE2_A_3F_R2.fastq.gz
NH2P_10_B_12A	1	-	PATH/TO/DATA/data/sflava_ayroles/deliv_Ayroles_EXT_120524_raw/NH2P_10_B_12A_R1.fastq.gz	PATH/TO/DATA/data/sflava_ayroles/deliv_Ayroles_EXT_120524_raw/NH2P_10_B_12A_R2.fastq.gz
NH2P_11_B_12B	1	-	PATH/TO/DATA/data/sflava_ayroles/deliv_Ayroles_EXT_120524_raw/NH2P_11_B_12B_R1.fastq.gz	PATH/TO/DATA/data/sflava_ayroles/deliv_Ayroles_EXT_120524_raw/NH2P_11_B_12B_R2.fastq.gz
NH2P_12_B_12C	1	-	PATH/TO/DATA/data/sflava_ayroles/deliv_Ayroles_EXT_120524_raw/NH2P_12_B_12C_R1.fastq.gz	PATH/TO/DATA/data/sflava_ayroles/deliv_Ayroles_EXT_120524_raw/NH2P_12_B_12C_R2.fastq.gz
NH2P_13_B_12D	1	-	PATH/TO/DATA/data/sflava_ayroles/deliv_Ayroles_EXT_120524_raw/NH2P_13_B_12D_R1.fastq.gz	PATH/TO/DATA/data/sflava_ayroles/deliv_Ayroles_EXT_120524_raw/NH2P_13_B_12D_R2.fastq.gz
NH2P_14_B_12E	1	-	PATH/TO/DATA/data/sflava_ayroles/deliv_Ayroles_EXT_120524_raw/NH2P_14_B_12E_R1.fastq.gz	PATH/TO/DATA/data/sflava_ayroles/deliv_Ayroles_EXT_120524_raw/NH2P_14_B_12E_R2.fastq.gz
NH2P_15_B_12F	1	-	PATH/TO/DATA/data/sflava_ayroles/deliv_Ayroles_EXT_120524_raw/NH2P_15_B_12F_R1.fastq.gz	PATH/TO/DATA/data/sflava_ayroles/deliv_Ayroles_EXT_120524_raw/NH2P_15_B_12F_R2.fastq.gz
NH2p_1_A_11H	1	-	PATH/TO/DATA/data/sflava_ayroles/deliv_Ayroles_EXT_120524_raw/NH2p_1_A_11H_R1.fastq.gz	PATH/TO/DATA/data/sflava_ayroles/deliv_Ayroles_EXT_120524_raw/NH2p_1_A_11H_R2.fastq.gz
NH2p_2_A_12A	1	-	PATH/TO/DATA/data/sflava_ayroles/deliv_Ayroles_EXT_120524_raw/NH2p_2_A_12A_R1.fastq.gz	PATH/TO/DATA/data/sflava_ayroles/deliv_Ayroles_EXT_120524_raw/NH2p_2_A_12A_R2.fastq.gz
NH2p_3_A_12B	1	-	PATH/TO/DATA/data/sflava_ayroles/deliv_Ayroles_EXT_120524_raw/NH2p_3_A_12B_R1.fastq.gz	PATH/TO/DATA/data/sflava_ayroles/deliv_Ayroles_EXT_120524_raw/NH2p_3_A_12B_R2.fastq.gz
NH2p_4_A_12C	1	-	PATH/TO/DATA/data/sflava_ayroles/deliv_Ayroles_EXT_120524_raw/NH2p_4_A_12C_R1.fastq.gz	PATH/TO/DATA/data/sflava_ayroles/deliv_Ayroles_EXT_120524_raw/NH2p_4_A_12C_R2.fastq.gz
NH2p_5_A_12D	1	-	PATH/TO/DATA/data/sflava_ayroles/deliv_Ayroles_EXT_120524_raw/NH2p_5_A_12D_R1.fastq.gz	PATH/TO/DATA/data/sflava_ayroles/deliv_Ayroles_EXT_120524_raw/NH2p_5_A_12D_R2.fastq.gz
NH2p_6_A_12E	1	-	PATH/TO/DATA/data/sflava_ayroles/deliv_Ayroles_EXT_120524_raw/NH2p_6_A_12E_R1.fastq.gz	PATH/TO/DATA/data/sflava_ayroles/deliv_Ayroles_EXT_120524_raw/NH2p_6_A_12E_R2.fastq.gz
NH2p_7_A_12F	1	-	PATH/TO/DATA/data/sflava_ayroles/deliv_Ayroles_EXT_120524_raw/NH2p_7_A_12F_R1.fastq.gz	PATH/TO/DATA/data/sflava_ayroles/deliv_Ayroles_EXT_120524_raw/NH2p_7_A_12F_R2.fastq.gz
NH2p_8_A_12G	1	-	PATH/TO/DATA/data/sflava_ayroles/deliv_Ayroles_EXT_120524_raw/NH2p_8_A_12G_R1.fastq.gz	PATH/TO/DATA/data/sflava_ayroles/deliv_Ayroles_EXT_120524_raw/NH2p_8_A_12G_R2.fastq.gz
NH2p_9_A_12H	1	-	PATH/TO/DATA/data/sflava_ayroles/deliv_Ayroles_EXT_120524_raw/NH2p_9_A_12H_R1.fastq.gz	PATH/TO/DATA/data/sflava_ayroles/deliv_Ayroles_EXT_120524_raw/NH2p_9_A_12H_R2.fastq.gz
T1T2E1_1_A_6D	1	-	PATH/TO/DATA/data/sflava_ayroles/deliv_Ayroles_EXT_120524_raw/T1T2E1_1_A_6D_R1.fastq.gz	PATH/TO/DATA/data/sflava_ayroles/deliv_Ayroles_EXT_120524_raw/T1T2E1_1_A_6D_R2.fastq.gz
T1T2E1_2_A_6E	1	-	PATH/TO/DATA/data/sflava_ayroles/deliv_Ayroles_EXT_120524_raw/T1T2E1_2_A_6E_R1.fastq.gz	PATH/TO/DATA/data/sflava_ayroles/deliv_Ayroles_EXT_120524_raw/T1T2E1_2_A_6E_R2.fastq.gz
T1T2E1_3_B_9A	1	-	PATH/TO/DATA/data/sflava_ayroles/deliv_Ayroles_EXT_120524_raw/T1T2E1_3_B_9A_R1.fastq.gz	PATH/TO/DATA/data/sflava_ayroles/deliv_Ayroles_EXT_120524_raw/T1T2E1_3_B_9A_R2.fastq.gz
T1T2E1_4_B_9B	1	-	PATH/TO/DATA/data/sflava_ayroles/deliv_Ayroles_EXT_120524_raw/T1T2E1_4_B_9B_R1.fastq.gz	PATH/TO/DATA/data/sflava_ayroles/deliv_Ayroles_EXT_120524_raw/T1T2E1_4_B_9B_R2.fastq.gz
T1T2E1_5_B_10H	1	-	PATH/TO/DATA/data/sflava_ayroles/deliv_Ayroles_EXT_120524_raw/T1T2E1_5_B_10H_R1.fastq.gz	PATH/TO/DATA/data/sflava_ayroles/deliv_Ayroles_EXT_120524_raw/T1T2E1_5_B_10H_R2.fastq.gz
T1T2E2_1_A_4D	1	-	PATH/TO/DATA/data/sflava_ayroles/deliv_Ayroles_EXT_120524_raw/T1T2E2_1_A_4D_R1.fastq.gz	PATH/TO/DATA/data/sflava_ayroles/deliv_Ayroles_EXT_120524_raw/T1T2E2_1_A_4D_R2.fastq.gz
T1T2E2_2_A_4E	1	-	PATH/TO/DATA/data/sflava_ayroles/deliv_Ayroles_EXT_120524_raw/T1T2E2_2_A_4E_R1.fastq.gz	PATH/TO/DATA/data/sflava_ayroles/deliv_Ayroles_EXT_120524_raw/T1T2E2_2_A_4E_R2.fastq.gz
T1T2E2_3_B_9G	1	-	PATH/TO/DATA/data/sflava_ayroles/deliv_Ayroles_EXT_120524_raw/T1T2E2_3_B_9G_R1.fastq.gz	PATH/TO/DATA/data/sflava_ayroles/deliv_Ayroles_EXT_120524_raw/T1T2E2_3_B_9G_R2.fastq.gz
T1T2E2_4_B_9H	1	-	PATH/TO/DATA/data/sflava_ayroles/deliv_Ayroles_EXT_120524_raw/T1T2E2_4_B_9H_R1.fastq.gz	PATH/TO/DATA/data/sflava_ayroles/deliv_Ayroles_EXT_120524_raw/T1T2E2_4_B_9H_R2.fastq.gz
T1T2E2_5_B_12G	1	-	PATH/TO/DATA/data/sflava_ayroles/deliv_Ayroles_EXT_120524_raw/T1T2E2_5_B_12G_R1.fastq.gz	PATH/TO/DATA/data/sflava_ayroles/deliv_Ayroles_EXT_120524_raw/T1T2E2_5_B_12G_R2.fastq.gz
T1T2E2_6_B_12H	1	-	PATH/TO/DATA/data/sflava_ayroles/deliv_Ayroles_EXT_120524_raw/T1T2E2_6_B_12H_R1.fastq.gz	PATH/TO/DATA/data/sflava_ayroles/deliv_Ayroles_EXT_120524_raw/T1T2E2_6_B_12H_R2.fastq.gz
T1T2E3_1_A_3D	1	-	PATH/TO/DATA/data/sflava_ayroles/deliv_Ayroles_EXT_120524_raw/T1T2E3_1_A_3D_R1.fastq.gz	PATH/TO/DATA/data/sflava_ayroles/deliv_Ayroles_EXT_120524_raw/T1T2E3_1_A_3D_R2.fastq.gz
T1T2E3_2_A_3E	1	-	PATH/TO/DATA/data/sflava_ayroles/deliv_Ayroles_EXT_120524_raw/T1T2E3_2_A_3E_R1.fastq.gz	PATH/TO/DATA/data/sflava_ayroles/deliv_Ayroles_EXT_120524_raw/T1T2E3_2_A_3E_R2.fastq.gz
T1T2E3_3_B_11A	1	-	PATH/TO/DATA/data/sflava_ayroles/deliv_Ayroles_EXT_120524_raw/T1T2E3_3_B_11A_R1.fastq.gz	PATH/TO/DATA/data/sflava_ayroles/deliv_Ayroles_EXT_120524_raw/T1T2E3_3_B_11A_R2.fastq.gz
T1T2E3_4_B_11B	1	-	PATH/TO/DATA/data/sflava_ayroles/deliv_Ayroles_EXT_120524_raw/T1T2E3_4_B_11B_R1.fastq.gz	PATH/TO/DATA/data/sflava_ayroles/deliv_Ayroles_EXT_120524_raw/T1T2E3_4_B_11B_R2.fastq.gz
T1T2E3m_1_A_1A	1	-	PATH/TO/DATA/data/sflava_ayroles/deliv_Ayroles_EXT_120524_raw/T1T2E3m_1_A_1A_R1.fastq.gz	PATH/TO/DATA/data/sflava_ayroles/deliv_Ayroles_EXT_120524_raw/T1T2E3m_1_A_1A_R2.fastq.gz
T1T2E3m_2_A_1B	1	-	PATH/TO/DATA/data/sflava_ayroles/deliv_Ayroles_EXT_120524_raw/T1T2E3m_2_A_1B_R1.fastq.gz	PATH/TO/DATA/data/sflava_ayroles/deliv_Ayroles_EXT_120524_raw/T1T2E3m_2_A_1B_R2.fastq.gz
T2G07_10_B_2B	1	-	PATH/TO/DATA/data/sflava_ayroles/deliv_Ayroles_EXT_120524_raw/T2G07_10_B_2B_R1.fastq.gz	PATH/TO/DATA/data/sflava_ayroles/deliv_Ayroles_EXT_120524_raw/T2G07_10_B_2B_R2.fastq.gz
T2G07_11_B_2C	1	-	PATH/TO/DATA/data/sflava_ayroles/deliv_Ayroles_EXT_120524_raw/T2G07_11_B_2C_R1.fastq.gz	PATH/TO/DATA/data/sflava_ayroles/deliv_Ayroles_EXT_120524_raw/T2G07_11_B_2C_R2.fastq.gz
T2G07_12_B_2D	1	-	PATH/TO/DATA/data/sflava_ayroles/deliv_Ayroles_EXT_120524_raw/T2G07_12_B_2D_R1.fastq.gz	PATH/TO/DATA/data/sflava_ayroles/deliv_Ayroles_EXT_120524_raw/T2G07_12_B_2D_R2.fastq.gz
T2G07_13_B_2E	1	-	PATH/TO/DATA/data/sflava_ayroles/deliv_Ayroles_EXT_120524_raw/T2G07_13_B_2E_R1.fastq.gz	PATH/TO/DATA/data/sflava_ayroles/deliv_Ayroles_EXT_120524_raw/T2G07_13_B_2E_R2.fastq.gz
T2G07_14_B_2F	1	-	PATH/TO/DATA/data/sflava_ayroles/deliv_Ayroles_EXT_120524_raw/T2G07_14_B_2F_R1.fastq.gz	PATH/TO/DATA/data/sflava_ayroles/deliv_Ayroles_EXT_120524_raw/T2G07_14_B_2F_R2.fastq.gz
T2G07_15_B_2G	1	-	PATH/TO/DATA/data/sflava_ayroles/deliv_Ayroles_EXT_120524_raw/T2G07_15_B_2G_R1.fastq.gz	PATH/TO/DATA/data/sflava_ayroles/deliv_Ayroles_EXT_120524_raw/T2G07_15_B_2G_R2.fastq.gz
T2G07_16_B_2H	1	-	PATH/TO/DATA/data/sflava_ayroles/deliv_Ayroles_EXT_120524_raw/T2G07_16_B_2H_R1.fastq.gz	PATH/TO/DATA/data/sflava_ayroles/deliv_Ayroles_EXT_120524_raw/T2G07_16_B_2H_R2.fastq.gz
T2G07_17_B_3A	1	-	PATH/TO/DATA/data/sflava_ayroles/deliv_Ayroles_EXT_120524_raw/T2G07_17_B_3A_R1.fastq.gz	PATH/TO/DATA/data/sflava_ayroles/deliv_Ayroles_EXT_120524_raw/T2G07_17_B_3A_R2.fastq.gz
T2G07_18_B_3B	1	-	PATH/TO/DATA/data/sflava_ayroles/deliv_Ayroles_EXT_120524_raw/T2G07_18_B_3B_R1.fastq.gz	PATH/TO/DATA/data/sflava_ayroles/deliv_Ayroles_EXT_120524_raw/T2G07_18_B_3B_R2.fastq.gz
T2G07_19_B_3C	1	-	PATH/TO/DATA/data/sflava_ayroles/deliv_Ayroles_EXT_120524_raw/T2G07_19_B_3C_R1.fastq.gz	PATH/TO/DATA/data/sflava_ayroles/deliv_Ayroles_EXT_120524_raw/T2G07_19_B_3C_R2.fastq.gz
T2G07_1_B_1A	1	-	PATH/TO/DATA/data/sflava_ayroles/deliv_Ayroles_EXT_120524_raw/T2G07_1_B_1A_R1.fastq.gz	PATH/TO/DATA/data/sflava_ayroles/deliv_Ayroles_EXT_120524_raw/T2G07_1_B_1A_R2.fastq.gz
T2G07_20_B_3D	1	-	PATH/TO/DATA/data/sflava_ayroles/deliv_Ayroles_EXT_120524_raw/T2G07_20_B_3D_R1.fastq.gz	PATH/TO/DATA/data/sflava_ayroles/deliv_Ayroles_EXT_120524_raw/T2G07_20_B_3D_R2.fastq.gz
T2G07_21_B_3E	1	-	PATH/TO/DATA/data/sflava_ayroles/deliv_Ayroles_EXT_120524_raw/T2G07_21_B_3E_R1.fastq.gz	PATH/TO/DATA/data/sflava_ayroles/deliv_Ayroles_EXT_120524_raw/T2G07_21_B_3E_R2.fastq.gz
T2G07_22_B_3F	1	-	PATH/TO/DATA/data/sflava_ayroles/deliv_Ayroles_EXT_120524_raw/T2G07_22_B_3F_R1.fastq.gz	PATH/TO/DATA/data/sflava_ayroles/deliv_Ayroles_EXT_120524_raw/T2G07_22_B_3F_R2.fastq.gz
T2G07_23_B_3G	1	-	PATH/TO/DATA/data/sflava_ayroles/deliv_Ayroles_EXT_120524_raw/T2G07_23_B_3G_R1.fastq.gz	PATH/TO/DATA/data/sflava_ayroles/deliv_Ayroles_EXT_120524_raw/T2G07_23_B_3G_R2.fastq.gz
T2G07_24_B_3H	1	-	PATH/TO/DATA/data/sflava_ayroles/deliv_Ayroles_EXT_120524_raw/T2G07_24_B_3H_R1.fastq.gz	PATH/TO/DATA/data/sflava_ayroles/deliv_Ayroles_EXT_120524_raw/T2G07_24_B_3H_R2.fastq.gz
T2G07_25_B_4A	1	-	PATH/TO/DATA/data/sflava_ayroles/deliv_Ayroles_EXT_120524_raw/T2G07_25_B_4A_R1.fastq.gz	PATH/TO/DATA/data/sflava_ayroles/deliv_Ayroles_EXT_120524_raw/T2G07_25_B_4A_R2.fastq.gz
T2G07_26_B_4B	1	-	PATH/TO/DATA/data/sflava_ayroles/deliv_Ayroles_EXT_120524_raw/T2G07_26_B_4B_R1.fastq.gz	PATH/TO/DATA/data/sflava_ayroles/deliv_Ayroles_EXT_120524_raw/T2G07_26_B_4B_R2.fastq.gz
T2G07_27_B_4C	1	-	PATH/TO/DATA/data/sflava_ayroles/deliv_Ayroles_EXT_120524_raw/T2G07_27_B_4C_R1.fastq.gz	PATH/TO/DATA/data/sflava_ayroles/deliv_Ayroles_EXT_120524_raw/T2G07_27_B_4C_R2.fastq.gz
T2G07_28_B_4D	1	-	PATH/TO/DATA/data/sflava_ayroles/deliv_Ayroles_EXT_120524_raw/T2G07_28_B_4D_R1.fastq.gz	PATH/TO/DATA/data/sflava_ayroles/deliv_Ayroles_EXT_120524_raw/T2G07_28_B_4D_R2.fastq.gz
T2G07_29_B_4E	1	-	PATH/TO/DATA/data/sflava_ayroles/deliv_Ayroles_EXT_120524_raw/T2G07_29_B_4E_R1.fastq.gz	PATH/TO/DATA/data/sflava_ayroles/deliv_Ayroles_EXT_120524_raw/T2G07_29_B_4E_R2.fastq.gz
T2G07_2_B_1B	1	-	PATH/TO/DATA/data/sflava_ayroles/deliv_Ayroles_EXT_120524_raw/T2G07_2_B_1B_R1.fastq.gz	PATH/TO/DATA/data/sflava_ayroles/deliv_Ayroles_EXT_120524_raw/T2G07_2_B_1B_R2.fastq.gz
T2G07_30_B_4F	1	-	PATH/TO/DATA/data/sflava_ayroles/deliv_Ayroles_EXT_120524_raw/T2G07_30_B_4F_R1.fastq.gz	PATH/TO/DATA/data/sflava_ayroles/deliv_Ayroles_EXT_120524_raw/T2G07_30_B_4F_R2.fastq.gz
T2G07_31_B_4G	1	-	PATH/TO/DATA/data/sflava_ayroles/deliv_Ayroles_EXT_120524_raw/T2G07_31_B_4G_R1.fastq.gz	PATH/TO/DATA/data/sflava_ayroles/deliv_Ayroles_EXT_120524_raw/T2G07_31_B_4G_R2.fastq.gz
T2G07_32_B_4H	1	-	PATH/TO/DATA/data/sflava_ayroles/deliv_Ayroles_EXT_120524_raw/T2G07_32_B_4H_R1.fastq.gz	PATH/TO/DATA/data/sflava_ayroles/deliv_Ayroles_EXT_120524_raw/T2G07_32_B_4H_R2.fastq.gz
T2G07_33_B_5A	1	-	PATH/TO/DATA/data/sflava_ayroles/deliv_Ayroles_EXT_120524_raw/T2G07_33_B_5A_R1.fastq.gz	PATH/TO/DATA/data/sflava_ayroles/deliv_Ayroles_EXT_120524_raw/T2G07_33_B_5A_R2.fastq.gz
T2G07_34_B_5B	1	-	PATH/TO/DATA/data/sflava_ayroles/deliv_Ayroles_EXT_120524_raw/T2G07_34_B_5B_R1.fastq.gz	PATH/TO/DATA/data/sflava_ayroles/deliv_Ayroles_EXT_120524_raw/T2G07_34_B_5B_R2.fastq.gz
T2G07_35_B_5C	1	-	PATH/TO/DATA/data/sflava_ayroles/deliv_Ayroles_EXT_120524_raw/T2G07_35_B_5C_R1.fastq.gz	PATH/TO/DATA/data/sflava_ayroles/deliv_Ayroles_EXT_120524_raw/T2G07_35_B_5C_R2.fastq.gz
T2G07_36_B_5D	1	-	PATH/TO/DATA/data/sflava_ayroles/deliv_Ayroles_EXT_120524_raw/T2G07_36_B_5D_R1.fastq.gz	PATH/TO/DATA/data/sflava_ayroles/deliv_Ayroles_EXT_120524_raw/T2G07_36_B_5D_R2.fastq.gz
T2G07_37_B_5E	1	-	PATH/TO/DATA/data/sflava_ayroles/deliv_Ayroles_EXT_120524_raw/T2G07_37_B_5E_R1.fastq.gz	PATH/TO/DATA/data/sflava_ayroles/deliv_Ayroles_EXT_120524_raw/T2G07_37_B_5E_R2.fastq.gz
T2G07_38_B_5F	1	-	PATH/TO/DATA/data/sflava_ayroles/deliv_Ayroles_EXT_120524_raw/T2G07_38_B_5F_R1.fastq.gz	PATH/TO/DATA/data/sflava_ayroles/deliv_Ayroles_EXT_120524_raw/T2G07_38_B_5F_R2.fastq.gz
T2G07_39_B_5G	1	-	PATH/TO/DATA/data/sflava_ayroles/deliv_Ayroles_EXT_120524_raw/T2G07_39_B_5G_R1.fastq.gz	PATH/TO/DATA/data/sflava_ayroles/deliv_Ayroles_EXT_120524_raw/T2G07_39_B_5G_R2.fastq.gz
T2G07_3_B_1C	1	-	PATH/TO/DATA/data/sflava_ayroles/deliv_Ayroles_EXT_120524_raw/T2G07_3_B_1C_R1.fastq.gz	PATH/TO/DATA/data/sflava_ayroles/deliv_Ayroles_EXT_120524_raw/T2G07_3_B_1C_R2.fastq.gz
T2G07_40_B_5H	1	-	PATH/TO/DATA/data/sflava_ayroles/deliv_Ayroles_EXT_120524_raw/T2G07_40_B_5H_R1.fastq.gz	PATH/TO/DATA/data/sflava_ayroles/deliv_Ayroles_EXT_120524_raw/T2G07_40_B_5H_R2.fastq.gz
T2G07_41_B_6A	1	-	PATH/TO/DATA/data/sflava_ayroles/deliv_Ayroles_EXT_120524_raw/T2G07_41_B_6A_R1.fastq.gz	PATH/TO/DATA/data/sflava_ayroles/deliv_Ayroles_EXT_120524_raw/T2G07_41_B_6A_R2.fastq.gz
T2G07_42_B_6B	1	-	PATH/TO/DATA/data/sflava_ayroles/deliv_Ayroles_EXT_120524_raw/T2G07_42_B_6B_R1.fastq.gz	PATH/TO/DATA/data/sflava_ayroles/deliv_Ayroles_EXT_120524_raw/T2G07_42_B_6B_R2.fastq.gz
T2G07_43_B_6C	1	-	PATH/TO/DATA/data/sflava_ayroles/deliv_Ayroles_EXT_120524_raw/T2G07_43_B_6C_R1.fastq.gz	PATH/TO/DATA/data/sflava_ayroles/deliv_Ayroles_EXT_120524_raw/T2G07_43_B_6C_R2.fastq.gz
T2G07_44_B_6D	1	-	PATH/TO/DATA/data/sflava_ayroles/deliv_Ayroles_EXT_120524_raw/T2G07_44_B_6D_R1.fastq.gz	PATH/TO/DATA/data/sflava_ayroles/deliv_Ayroles_EXT_120524_raw/T2G07_44_B_6D_R2.fastq.gz
T2G07_45_B_6E	1	-	PATH/TO/DATA/data/sflava_ayroles/deliv_Ayroles_EXT_120524_raw/T2G07_45_B_6E_R1.fastq.gz	PATH/TO/DATA/data/sflava_ayroles/deliv_Ayroles_EXT_120524_raw/T2G07_45_B_6E_R2.fastq.gz
T2G07_46_B_6F	1	-	PATH/TO/DATA/data/sflava_ayroles/deliv_Ayroles_EXT_120524_raw/T2G07_46_B_6F_R1.fastq.gz	PATH/TO/DATA/data/sflava_ayroles/deliv_Ayroles_EXT_120524_raw/T2G07_46_B_6F_R2.fastq.gz
T2G07_47_B_6G	1	-	PATH/TO/DATA/data/sflava_ayroles/deliv_Ayroles_EXT_120524_raw/T2G07_47_B_6G_R1.fastq.gz	PATH/TO/DATA/data/sflava_ayroles/deliv_Ayroles_EXT_120524_raw/T2G07_47_B_6G_R2.fastq.gz
T2G07_48_B_6H	1	-	PATH/TO/DATA/data/sflava_ayroles/deliv_Ayroles_EXT_120524_raw/T2G07_48_B_6H_R1.fastq.gz	PATH/TO/DATA/data/sflava_ayroles/deliv_Ayroles_EXT_120524_raw/T2G07_48_B_6H_R2.fastq.gz
T2G07_49_B_7A	1	-	PATH/TO/DATA/data/sflava_ayroles/deliv_Ayroles_EXT_120524_raw/T2G07_49_B_7A_R1.fastq.gz	PATH/TO/DATA/data/sflava_ayroles/deliv_Ayroles_EXT_120524_raw/T2G07_49_B_7A_R2.fastq.gz
T2G07_4_B_1D	1	-	PATH/TO/DATA/data/sflava_ayroles/deliv_Ayroles_EXT_120524_raw/T2G07_4_B_1D_R1.fastq.gz	PATH/TO/DATA/data/sflava_ayroles/deliv_Ayroles_EXT_120524_raw/T2G07_4_B_1D_R2.fastq.gz
T2G07_50_B_7B	1	-	PATH/TO/DATA/data/sflava_ayroles/deliv_Ayroles_EXT_120524_raw/T2G07_50_B_7B_R1.fastq.gz	PATH/TO/DATA/data/sflava_ayroles/deliv_Ayroles_EXT_120524_raw/T2G07_50_B_7B_R2.fastq.gz
T2G07_51_B_7C	1	-	PATH/TO/DATA/data/sflava_ayroles/deliv_Ayroles_EXT_120524_raw/T2G07_51_B_7C_R1.fastq.gz	PATH/TO/DATA/data/sflava_ayroles/deliv_Ayroles_EXT_120524_raw/T2G07_51_B_7C_R2.fastq.gz
T2G07_52_B_7D	1	-	PATH/TO/DATA/data/sflava_ayroles/deliv_Ayroles_EXT_120524_raw/T2G07_52_B_7D_R1.fastq.gz	PATH/TO/DATA/data/sflava_ayroles/deliv_Ayroles_EXT_120524_raw/T2G07_52_B_7D_R2.fastq.gz
T2G07_53_B_7E	1	-	PATH/TO/DATA/data/sflava_ayroles/deliv_Ayroles_EXT_120524_raw/T2G07_53_B_7E_R1.fastq.gz	PATH/TO/DATA/data/sflava_ayroles/deliv_Ayroles_EXT_120524_raw/T2G07_53_B_7E_R2.fastq.gz
T2G07_54_B_7F	1	-	PATH/TO/DATA/data/sflava_ayroles/deliv_Ayroles_EXT_120524_raw/T2G07_54_B_7F_R1.fastq.gz	PATH/TO/DATA/data/sflava_ayroles/deliv_Ayroles_EXT_120524_raw/T2G07_54_B_7F_R2.fastq.gz
T2G07_55_B_7G	1	-	PATH/TO/DATA/data/sflava_ayroles/deliv_Ayroles_EXT_120524_raw/T2G07_55_B_7G_R1.fastq.gz	PATH/TO/DATA/data/sflava_ayroles/deliv_Ayroles_EXT_120524_raw/T2G07_55_B_7G_R2.fastq.gz
T2G07_56_B_7H	1	-	PATH/TO/DATA/data/sflava_ayroles/deliv_Ayroles_EXT_120524_raw/T2G07_56_B_7H_R1.fastq.gz	PATH/TO/DATA/data/sflava_ayroles/deliv_Ayroles_EXT_120524_raw/T2G07_56_B_7H_R2.fastq.gz
T2G07_57_B_8A	1	-	PATH/TO/DATA/data/sflava_ayroles/deliv_Ayroles_EXT_120524_raw/T2G07_57_B_8A_R1.fastq.gz	PATH/TO/DATA/data/sflava_ayroles/deliv_Ayroles_EXT_120524_raw/T2G07_57_B_8A_R2.fastq.gz
T2G07_58_B_8B	1	-	PATH/TO/DATA/data/sflava_ayroles/deliv_Ayroles_EXT_120524_raw/T2G07_58_B_8B_R1.fastq.gz	PATH/TO/DATA/data/sflava_ayroles/deliv_Ayroles_EXT_120524_raw/T2G07_58_B_8B_R2.fastq.gz
T2G07_59_B_8C	1	-	PATH/TO/DATA/data/sflava_ayroles/deliv_Ayroles_EXT_120524_raw/T2G07_59_B_8C_R1.fastq.gz	PATH/TO/DATA/data/sflava_ayroles/deliv_Ayroles_EXT_120524_raw/T2G07_59_B_8C_R2.fastq.gz
T2G07_5_B_1E	1	-	PATH/TO/DATA/data/sflava_ayroles/deliv_Ayroles_EXT_120524_raw/T2G07_5_B_1E_R1.fastq.gz	PATH/TO/DATA/data/sflava_ayroles/deliv_Ayroles_EXT_120524_raw/T2G07_5_B_1E_R2.fastq.gz
T2G07_60_B_8D	1	-	PATH/TO/DATA/data/sflava_ayroles/deliv_Ayroles_EXT_120524_raw/T2G07_60_B_8D_R1.fastq.gz	PATH/TO/DATA/data/sflava_ayroles/deliv_Ayroles_EXT_120524_raw/T2G07_60_B_8D_R2.fastq.gz
T2G07_61_B_8E	1	-	PATH/TO/DATA/data/sflava_ayroles/deliv_Ayroles_EXT_120524_raw/T2G07_61_B_8E_R1.fastq.gz	PATH/TO/DATA/data/sflava_ayroles/deliv_Ayroles_EXT_120524_raw/T2G07_61_B_8E_R2.fastq.gz
T2G07_62_B_8F	1	-	PATH/TO/DATA/data/sflava_ayroles/deliv_Ayroles_EXT_120524_raw/T2G07_62_B_8F_R1.fastq.gz	PATH/TO/DATA/data/sflava_ayroles/deliv_Ayroles_EXT_120524_raw/T2G07_62_B_8F_R2.fastq.gz
T2G07_63_B_8G	1	-	PATH/TO/DATA/data/sflava_ayroles/deliv_Ayroles_EXT_120524_raw/T2G07_63_B_8G_R1.fastq.gz	PATH/TO/DATA/data/sflava_ayroles/deliv_Ayroles_EXT_120524_raw/T2G07_63_B_8G_R2.fastq.gz
T2G07_64_B_8H	1	-	PATH/TO/DATA/data/sflava_ayroles/deliv_Ayroles_EXT_120524_raw/T2G07_64_B_8H_R1.fastq.gz	PATH/TO/DATA/data/sflava_ayroles/deliv_Ayroles_EXT_120524_raw/T2G07_64_B_8H_R2.fastq.gz
T2G07_6_B_1F	1	-	PATH/TO/DATA/data/sflava_ayroles/deliv_Ayroles_EXT_120524_raw/T2G07_6_B_1F_R1.fastq.gz	PATH/TO/DATA/data/sflava_ayroles/deliv_Ayroles_EXT_120524_raw/T2G07_6_B_1F_R2.fastq.gz
T2G07_7_B_1G	1	-	PATH/TO/DATA/data/sflava_ayroles/deliv_Ayroles_EXT_120524_raw/T2G07_7_B_1G_R1.fastq.gz	PATH/TO/DATA/data/sflava_ayroles/deliv_Ayroles_EXT_120524_raw/T2G07_7_B_1G_R2.fastq.gz
T2G07_8_B_1H	1	-	PATH/TO/DATA/data/sflava_ayroles/deliv_Ayroles_EXT_120524_raw/T2G07_8_B_1H_R1.fastq.gz	PATH/TO/DATA/data/sflava_ayroles/deliv_Ayroles_EXT_120524_raw/T2G07_8_B_1H_R2.fastq.gz
T2G07_9_B_2A	1	-	PATH/TO/DATA/data/sflava_ayroles/deliv_Ayroles_EXT_120524_raw/T2G07_9_B_2A_R1.fastq.gz	PATH/TO/DATA/data/sflava_ayroles/deliv_Ayroles_EXT_120524_raw/T2G07_9_B_2A_R2.fastq.gz
T3T4E1_1_A_4F	1	-	PATH/TO/DATA/data/sflava_ayroles/deliv_Ayroles_EXT_120524_raw/T3T4E1_1_A_4F_R1.fastq.gz	PATH/TO/DATA/data/sflava_ayroles/deliv_Ayroles_EXT_120524_raw/T3T4E1_1_A_4F_R2.fastq.gz
T3T4E1_2_A_4G	1	-	PATH/TO/DATA/data/sflava_ayroles/deliv_Ayroles_EXT_120524_raw/T3T4E1_2_A_4G_R1.fastq.gz	PATH/TO/DATA/data/sflava_ayroles/deliv_Ayroles_EXT_120524_raw/T3T4E1_2_A_4G_R2.fastq.gz
T3T4E2_1_A_1F	1	-	PATH/TO/DATA/data/sflava_ayroles/deliv_Ayroles_EXT_120524_raw/T3T4E2_1_A_1F_R1.fastq.gz	PATH/TO/DATA/data/sflava_ayroles/deliv_Ayroles_EXT_120524_raw/T3T4E2_1_A_1F_R2.fastq.gz
T3T4E2_2_A_1G	1	-	PATH/TO/DATA/data/sflava_ayroles/deliv_Ayroles_EXT_120524_raw/T3T4E2_2_A_1G_R1.fastq.gz	PATH/TO/DATA/data/sflava_ayroles/deliv_Ayroles_EXT_120524_raw/T3T4E2_2_A_1G_R2.fastq.gz
T5T6E1_1_A_6H	1	-	PATH/TO/DATA/data/sflava_ayroles/deliv_Ayroles_EXT_120524_raw/T5T6E1_1_A_6H_R1.fastq.gz	PATH/TO/DATA/data/sflava_ayroles/deliv_Ayroles_EXT_120524_raw/T5T6E1_1_A_6H_R2.fastq.gz
T5T6E1_2_A_7A	1	-	PATH/TO/DATA/data/sflava_ayroles/deliv_Ayroles_EXT_120524_raw/T5T6E1_2_A_7A_R1.fastq.gz	PATH/TO/DATA/data/sflava_ayroles/deliv_Ayroles_EXT_120524_raw/T5T6E1_2_A_7A_R2.fastq.gz
T5T6E2_1_A_5B	1	-	PATH/TO/DATA/data/sflava_ayroles/deliv_Ayroles_EXT_120524_raw/T5T6E2_1_A_5B_R1.fastq.gz	PATH/TO/DATA/data/sflava_ayroles/deliv_Ayroles_EXT_120524_raw/T5T6E2_1_A_5B_R2.fastq.gz
T5T6E2_2_A_5C	1	-	PATH/TO/DATA/data/sflava_ayroles/deliv_Ayroles_EXT_120524_raw/T5T6E2_2_A_5C_R1.fastq.gz	PATH/TO/DATA/data/sflava_ayroles/deliv_Ayroles_EXT_120524_raw/T5T6E2_2_A_5C_R2.fastq.gz
T5T6E2_3_B_9C	1	-	PATH/TO/DATA/data/sflava_ayroles/deliv_Ayroles_EXT_120524_raw/T5T6E2_3_B_9C_R1.fastq.gz	PATH/TO/DATA/data/sflava_ayroles/deliv_Ayroles_EXT_120524_raw/T5T6E2_3_B_9C_R2.fastq.gz
T5T6E2_4_B_9D	1	-	PATH/TO/DATA/data/sflava_ayroles/deliv_Ayroles_EXT_120524_raw/T5T6E2_4_B_9D_R1.fastq.gz	PATH/TO/DATA/data/sflava_ayroles/deliv_Ayroles_EXT_120524_raw/T5T6E2_4_B_9D_R2.fastq.gz
T5T6E3_1_A_3H	1	-	PATH/TO/DATA/data/sflava_ayroles/deliv_Ayroles_EXT_120524_raw/T5T6E3_1_A_3H_R1.fastq.gz	PATH/TO/DATA/data/sflava_ayroles/deliv_Ayroles_EXT_120524_raw/T5T6E3_1_A_3H_R2.fastq.gz
T5T6E3_2_A_4A	1	-	PATH/TO/DATA/data/sflava_ayroles/deliv_Ayroles_EXT_120524_raw/T5T6E3_2_A_4A_R1.fastq.gz	PATH/TO/DATA/data/sflava_ayroles/deliv_Ayroles_EXT_120524_raw/T5T6E3_2_A_4A_R2.fastq.gz
T7T8E1_1_A_7D	1	-	PATH/TO/DATA/data/sflava_ayroles/deliv_Ayroles_EXT_120524_raw/T7T8E1_1_A_7D_R1.fastq.gz	PATH/TO/DATA/data/sflava_ayroles/deliv_Ayroles_EXT_120524_raw/T7T8E1_1_A_7D_R2.fastq.gz
T7T8E1_2_A_7E	1	-	PATH/TO/DATA/data/sflava_ayroles/deliv_Ayroles_EXT_120524_raw/T7T8E1_2_A_7E_R1.fastq.gz	PATH/TO/DATA/data/sflava_ayroles/deliv_Ayroles_EXT_120524_raw/T7T8E1_2_A_7E_R2.fastq.gz
T7T8E2_1_A_2H	1	-	PATH/TO/DATA/data/sflava_ayroles/deliv_Ayroles_EXT_120524_raw/T7T8E2_1_A_2H_R1.fastq.gz	PATH/TO/DATA/data/sflava_ayroles/deliv_Ayroles_EXT_120524_raw/T7T8E2_1_A_2H_R2.fastq.gz
T7T8E2_2_A_3A	1	-	PATH/TO/DATA/data/sflava_ayroles/deliv_Ayroles_EXT_120524_raw/T7T8E2_2_A_3A_R1.fastq.gz	PATH/TO/DATA/data/sflava_ayroles/deliv_Ayroles_EXT_120524_raw/T7T8E2_2_A_3A_R2.fastq.gz
T7T8E2_3_A_5F	1	-	PATH/TO/DATA/data/sflava_ayroles/deliv_Ayroles_EXT_120524_raw/T7T8E2_3_A_5F_R1.fastq.gz	PATH/TO/DATA/data/sflava_ayroles/deliv_Ayroles_EXT_120524_raw/T7T8E2_3_A_5F_R2.fastq.gz
T7T8E2_4_A_5G	1	-	PATH/TO/DATA/data/sflava_ayroles/deliv_Ayroles_EXT_120524_raw/T7T8E2_4_A_5G_R1.fastq.gz	PATH/TO/DATA/data/sflava_ayroles/deliv_Ayroles_EXT_120524_raw/T7T8E2_4_A_5G_R2.fastq.gz
